<?xml version="1.0" encoding="UTF-8" ?>
<XMLDB PATH="mod/ejercicios/db" VERSION="20070401" COMMENT="XMLDB file for Moodle mod/ejercicios"
    xmlns:xsi="http://www.w3.org/2001/XMLSchema-instance"
    xsi:noNamespaceSchemaLocation="../../../lib/xmldb/xmldb.xsd"
>
  <TABLES>
    <TABLE NAME="ejercicios" COMMENT="Default comment for ejercicios, please edit me" NEXT="ejercicios_tipo_puzzle">
      <FIELDS>
        <FIELD NAME="id" TYPE="int" LENGTH="10" NOTNULL="true" UNSIGNED="true" SEQUENCE="true" ENUM="false" NEXT="course"/>
        <FIELD NAME="course" TYPE="int" LENGTH="10" NOTNULL="true" UNSIGNED="true" DEFAULT="0" SEQUENCE="false" ENUM="false" COMMENT="Course ejercicios activity belongs to" PREVIOUS="id" NEXT="name"/>
        <FIELD NAME="name" TYPE="char" LENGTH="255" NOTNULL="true" SEQUENCE="false" ENUM="false" COMMENT="name field for moodle instances" PREVIOUS="course" NEXT="intro"/>
        <FIELD NAME="intro" TYPE="text" LENGTH="medium" NOTNULL="false" SEQUENCE="false" ENUM="false" COMMENT="General introduction of the ejercicios activity" PREVIOUS="name" NEXT="introformat"/>
        <FIELD NAME="introformat" TYPE="int" LENGTH="4" NOTNULL="true" UNSIGNED="true" DEFAULT="0" SEQUENCE="false" ENUM="false" COMMENT="Format of the intro field (MOODLE, HTML, MARKDOWN...)" PREVIOUS="intro" NEXT="timecreated"/>
        <FIELD NAME="timecreated" TYPE="int" LENGTH="10" NOTNULL="true" UNSIGNED="true" DEFAULT="0" SEQUENCE="false" ENUM="false" PREVIOUS="introformat" NEXT="timemodified"/>
        <FIELD NAME="timemodified" TYPE="int" LENGTH="10" NOTNULL="true" UNSIGNED="true" DEFAULT="0" SEQUENCE="false" ENUM="false" PREVIOUS="timecreated"/>
      </FIELDS>
      <KEYS>
        <KEY NAME="primary" TYPE="primary" FIELDS="id" />
      </KEYS>
      <INDEXES>
        <INDEX NAME="course" UNIQUE="false" FIELDS="course"/>
      </INDEXES>
    </TABLE>
     <TABLE NAME="ejercicios_tipo_puzzle" COMMENT="Default comment for ejercicios, please edit me" PREVIOUS="ejercicios" NEXT="ejercicios_general">
      <FIELDS>
        <FIELD NAME="id" TYPE="int" LENGTH="10" NOTNULL="true" UNSIGNED="true" SEQUENCE="true" ENUM="false" NEXT="name"/>
        <FIELD NAME="name" TYPE="char" LENGTH="255" NOTNULL="true" UNSIGNED="true" DEFAULT="0" SEQUENCE="false" ENUM="false" COMMENT="Course ejercicios activity belongs to" PREVIOUS="id" NEXT="nrespuestas"/>
        <FIELD NAME="nrespuestas" TYPE="int" LENGTH="5" NOTNULL="true" UNSIGNED="true" SEQUENCE="false" ENUM="false" COMMENT="Numero de respuestas" PREVIOUS="name" NEXT="ctipo"/>
        <FIELD NAME="ctipo" TYPE="char" LENGTH="25" NOTNULL="false" UNSIGNED="true" SEQUENCE="false" ENUM="false" COMMENT="Clasificacion por tipo" PREVIOUS="nrespuestas" NEXT="elemaso"/>
        <FIELD NAME="elemaso" TYPE="char" LENGTH="25" NOTNULL="false" UNSIGNED="true" SEQUENCE="false" ENUM="false" COMMENT="Asociacion de elementos" PREVIOUS="ctipo" NEXT="des1"/>
        <FIELD NAME="des1" TYPE="char" LENGTH="150" NOTNULL="false" UNSIGNED="true" SEQUENCE="false" ENUM="false" COMMENT="Descripcion elemento uno" PREVIOUS="elemaso" NEXT="des2"/>
        <FIELD NAME="des2" TYPE="char" LENGTH="150" NOTNULL="false" UNSIGNED="true" SEQUENCE="false" ENUM="false" COMMENT="Descripcion elemento dos" PREVIOUS="des1" NEXT="des3"/>
        <FIELD NAME="des3" TYPE="char" LENGTH="150" NOTNULL="false" UNSIGNED="true" SEQUENCE="false" ENUM="false" COMMENT="Descripcion elemento tres" PREVIOUS="des2" NEXT="des4"/>
        <FIELD NAME="des4" TYPE="char" LENGTH="150" NOTNULL="false" UNSIGNED="true" SEQUENCE="false" ENUM="false" COMMENT="Descripcion elemento cuatro" PREVIOUS="des3" NEXT="des5"/>
        <FIELD NAME="des5" TYPE="char" LENGTH="150" NOTNULL="false" UNSIGNED="true" SEQUENCE="false" ENUM="false" COMMENT="Descripcion elemento cinco" PREVIOUS="des4" NEXT="des6"/>
        <FIELD NAME="des6" TYPE="char" LENGTH="150" NOTNULL="false" UNSIGNED="true" SEQUENCE="false" ENUM="false" COMMENT="Descripcion elemento seis" PREVIOUS="des5" NEXT="des7"/>
        <FIELD NAME="des7" TYPE="char" LENGTH="150" NOTNULL="false" UNSIGNED="true" SEQUENCE="false" ENUM="false" COMMENT="Descripcion elemento siete" PREVIOUS="des6" NEXT="des8"/>
        <FIELD NAME="des8" TYPE="char" LENGTH="150" NOTNULL="false" UNSIGNED="true" SEQUENCE="false" ENUM="false" COMMENT="Descripcion elemento ocho" PREVIOUS="des7" NEXT="des9"/>
        <FIELD NAME="des9" TYPE="char" LENGTH="150" NOTNULL="false" UNSIGNED="true" SEQUENCE="false" ENUM="false" COMMENT="Descripcion elemento nueve" PREVIOUS="des8"  NEXT="texto1"/>
        <FIELD NAME="texto1" TYPE="char" LENGTH="30" NOTNULL="false" UNSIGNED="true" SEQUENCE="false" ENUM="false" COMMENT="Palabra elemento uno" PREVIOUS="des9" NEXT="texto2"/>
        <FIELD NAME="texto2" TYPE="char" LENGTH="30" NOTNULL="false" UNSIGNED="true" SEQUENCE="false" ENUM="false" COMMENT="Palabra  elemento dos" PREVIOUS="texto1" NEXT="texto3"/>
        <FIELD NAME="texto3" TYPE="char" LENGTH="30" NOTNULL="false" UNSIGNED="true" SEQUENCE="false" ENUM="false" COMMENT="Palabra  elemento tres" PREVIOUS="texto2" NEXT="texto4"/>
        <FIELD NAME="texto4" TYPE="char" LENGTH="30" NOTNULL="false" UNSIGNED="true" SEQUENCE="false" ENUM="false" COMMENT="Palabra  elemento cuatro" PREVIOUS="texto3" NEXT="texto5"/>
        <FIELD NAME="texto5" TYPE="char" LENGTH="30" NOTNULL="false" UNSIGNED="true" SEQUENCE="false" ENUM="false" COMMENT="Palabra  elemento cinco" PREVIOUS="texto4" NEXT="texto6"/>
         <FIELD NAME="texto6" TYPE="char" LENGTH="30" NOTNULL="false" UNSIGNED="true" SEQUENCE="false" ENUM="false" COMMENT="Palabra  elemento dos" PREVIOUS="texto5" NEXT="texto7"/>
        <FIELD NAME="texto7" TYPE="char" LENGTH="30" NOTNULL="false" UNSIGNED="true" SEQUENCE="false" ENUM="false" COMMENT="Palabra  elemento tres" PREVIOUS="texto6" NEXT="texto8"/>
        <FIELD NAME="texto8" TYPE="char" LENGTH="30" NOTNULL="false" UNSIGNED="true" SEQUENCE="false" ENUM="false" COMMENT="Palabra  elemento cuatro" PREVIOUS="texto7" NEXT="texto9"/>
        <FIELD NAME="texto9" TYPE="char" LENGTH="30" NOTNULL="false" UNSIGNED="true" SEQUENCE="false" ENUM="false" COMMENT="Palabra  elemento cinco" PREVIOUS="texto8" />
      </FIELDS>
      <KEYS>
        <KEY NAME="primary" TYPE="primary" FIELDS="id" />
      </KEYS>
      <INDEXES>
        <INDEX NAME="name" UNIQUE="false" FIELDS="name"/>
      </INDEXES>
    </TABLE>
    <TABLE NAME="ejercicios_general" COMMENT="Ejercicios Generico" PREVIOUS="ejercicios_tipo_puzzle" NEXT="ejercicios_textos">
      <FIELDS>
        <FIELD NAME="id" TYPE="int" LENGTH="11" NOTNULL="true" UNSIGNED="true" SEQUENCE="true" ENUM="false" NEXT="id_curso"/>
        <FIELD NAME="id_curso" TYPE="int" LENGTH="11" NOTNULL="true" UNSIGNED="true" SEQUENCE="false" ENUM="false" COMMENT="Identificacion del curso" PREVIOUS="id" NEXT="id_creador"/>
        <FIELD NAME="id_creador" TYPE="int" LENGTH="11" NOTNULL="true" UNSIGNED="true" SEQUENCE="false" ENUM="false" COMMENT="Identificacion del profesor" PREVIOUS="id_curso" NEXT="tipoactividad"/>
        <FIELD NAME="tipoactividad" TYPE="int" LENGTH="11" NOTNULL="true" UNSIGNED="true" SEQUENCE="false" ENUM="false" COMMENT="Clasificación Tipo de Actividad" PREVIOUS="id_creador" NEXT="tipoarchivopregunta"/>
        <FIELD NAME="tipoarchivopregunta" TYPE="int" LENGTH="11" NOTNULL="true" UNSIGNED="true" SEQUENCE="false" ENUM="false" COMMENT="Tipo de Archivo pregutna" PREVIOUS="tipoactividad" NEXT="tipoarchivorespuesta"/>
        <FIELD NAME="tipoarchivorespuesta" TYPE="int" LENGTH="11" NOTNULL="true" UNSIGNED="true" SEQUENCE="false" ENUM="false" COMMENT="Tipo de Archivo respuesta" PREVIOUS="tipoarchivopregunta" NEXT="visible"/>
        <FIELD NAME="visible" TYPE="int" LENGTH="11" NOTNULL="true" UNSIGNED="true" SEQUENCE="false" ENUM="false" COMMENT="Ejercicio Visible" PREVIOUS="tipoarchivorespuesta" NEXT="publico"/>
        <FIELD NAME="publico" TYPE="int" LENGTH="11" NOTNULL="true" UNSIGNED="true" SEQUENCE="false" ENUM="false" COMMENT="Ejercicio publico" PREVIOUS="visible" NEXT="campotematico"/>
        <FIELD NAME="campotematico" TYPE="int" LENGTH="11" NOTNULL="false" UNSIGNED="true" SEQUENCE="false" ENUM="false" COMMENT="Clasificacion Campo Tematico" PREVIOUS="publico" NEXT="destreza"/>
        <FIELD NAME="destreza" TYPE="int" LENGTH="11" NOTNULL="false" UNSIGNED="true" SEQUENCE="false" ENUM="false" COMMENT="Clasificacion Destreza" PREVIOUS="campotematico" NEXT="temagramatical"/>
        <FIELD NAME="temagramatical" TYPE="int" LENGTH="11" NOTNULL="false" UNSIGNED="true" SEQUENCE="false" ENUM="false" COMMENT="Clasificacion Tema Gramatical" PREVIOUS="destreza" NEXT="intencioncomunicativa"/>
        <FIELD NAME="intencioncomunicativa" TYPE="int" LENGTH="11" NOTNULL="false" UNSIGNED="true" SEQUENCE="false" ENUM="false" COMMENT="Clasificacion por Intencion comunicativa" PREVIOUS="temagramatical" NEXT="tipologiatextual"/>
        <FIELD NAME="tipologiatextual" TYPE="int" LENGTH="11" NOTNULL="false" UNSIGNED="true" SEQUENCE="false" ENUM="false" COMMENT="Clasificacion Tipologia Textual" PREVIOUS="intencioncomunicativa"  NEXT="name"/>
        <FIELD NAME="name" TYPE="char" LENGTH="255" NOTNULL="true" UNSIGNED="true" DEFAULT="0" SEQUENCE="false" ENUM="false" COMMENT="Nombre del ejercicio" PREVIOUS="tipologiatextual" NEXT="descripcion"/>
        <FIELD NAME="descripcion" TYPE="char" LENGTH="9000" NOTNULL="true" UNSIGNED="true" DEFAULT="0" SEQUENCE="false" ENUM="false" COMMENT="Descripcion del ejercicio" PREVIOUS="name" NEXT="numpreg"/>
        <FIELD NAME="numpreg" TYPE="int" LENGTH="11" NOTNULL="true" UNSIGNED="true" DEFAULT="0" SEQUENCE="false" ENUM="false" COMMENT="Numero de preguntas del ejercicio" PREVIOUS="descripcion" NEXT="copyrightpreg"/>
        <FIELD NAME="copyrightpreg" TYPE="int" LENGTH="11" NOTNULL="true" UNSIGNED="true" DEFAULT="0" SEQUENCE="false" ENUM="false" COMMENT="copyright de los archivos preguntas" PREVIOUS="numpreg" NEXT="copyrightresp"/>
        <FIELD NAME="copyrightresp" TYPE="int" LENGTH="11" NOTNULL="true" UNSIGNED="true" DEFAULT="0" SEQUENCE="false" ENUM="false" COMMENT="copyright de los archivos respuesta" PREVIOUS="copyrightpreg"/>
    </FIELDS>
      <KEYS>
        <KEY NAME="primary" TYPE="primary" FIELDS="id" />
      </KEYS>
      <INDEXES>
        <INDEX NAME="name" UNIQUE="false" FIELDS="name"/>
      </INDEXES>
    </TABLE>
    <TABLE NAME="ejercicios_textos" COMMENT="Ejercicios Texto-Texto" PREVIOUS="ejercicios_general" NEXT="ejercicios_videos">
      <FIELDS>
        <FIELD NAME="id" TYPE="int" LENGTH="11" NOTNULL="true" UNSIGNED="true" SEQUENCE="true" ENUM="false" NEXT="id_ejercicio"/>
        <FIELD NAME="id_ejercicio" TYPE="int" LENGTH="11" NOTNULL="true" UNSIGNED="true" SEQUENCE="false" ENUM="false" COMMENT="Identificacion del ejrcicio" PREVIOUS="id" NEXT="texto"/>
        <FIELD NAME="texto" TYPE="text" NOTNULL="true" UNSIGNED="true" SEQUENCE="false" ENUM="false" COMMENT="Texto origen del ejercicio" PREVIOUS="id_ejercicio"/>
      </FIELDS>
      <KEYS>
        <KEY NAME="primary" TYPE="primary" FIELDS="id" NEXT="clave_ejercicio" />
        <KEY NAME="clave_ejercicio" TYPE="foreign" FIELDS="id_ejercicio" REFTABLE="ejercicios_general" REFFIELDS="id" COMMENT="id del ejercicio" PREVIOUS="primary"/>
      </KEYS>
    </TABLE>
     <TABLE NAME="ejercicios_videos" COMMENT="Ejercicios Video-Texto" PREVIOUS="ejercicios_textos" NEXT="ejercicios_videos_asociados">
      <FIELDS>
        <FIELD NAME="id" TYPE="int" LENGTH="11" NOTNULL="true" UNSIGNED="true" SEQUENCE="true" ENUM="false" NEXT="id_ejercicio"/>
        <FIELD NAME="id_ejercicio" TYPE="int" LENGTH="11" NOTNULL="true" UNSIGNED="true" SEQUENCE="false" ENUM="false" COMMENT="Identificacion del ejrcicio" PREVIOUS="id" NEXT="video"/>
        <FIELD NAME="video" TYPE="text" NOTNULL="true" UNSIGNED="true" SEQUENCE="false" ENUM="false" COMMENT="Dirección del video" PREVIOUS="id_ejercicio"/>
      </FIELDS>
      <KEYS>
        <KEY NAME="primary" TYPE="primary" FIELDS="id" NEXT="clave_ejercicio" />
        <KEY NAME="clave_ejercicio" TYPE="foreign" FIELDS="id_ejercicio" REFTABLE="ejercicios_general" REFFIELDS="id" COMMENT="id del ejercicio" PREVIOUS="primary"/>
      </KEYS>
    </TABLE>
    
     <TABLE NAME="ejercicios_videos_asociados" COMMENT="Ejercicios Video-Texto" PREVIOUS="ejercicios_videos" NEXT="ejercicios_texto_texto_preg">
      <FIELDS>
        <FIELD NAME="id" TYPE="int" LENGTH="11" NOTNULL="true" UNSIGNED="true" SEQUENCE="true" ENUM="false" NEXT="id_ejercicio"/>
        <FIELD NAME="id_ejercicio" TYPE="int" LENGTH="11" NOTNULL="true" UNSIGNED="true" SEQUENCE="false" ENUM="false" COMMENT="Identificacion del ejrcicio" PREVIOUS="id" NEXT="id_pregunta"/>
        <FIELD NAME="id_pregunta" TYPE="int" LENGTH="11" NOTNULL="true" UNSIGNED="true" SEQUENCE="false" ENUM="false" COMMENT="Identificacion de la pregunta" PREVIOUS="id_ejercicio" NEXT="nombre_video"/>
        <FIELD NAME="nombre_video" TYPE="text" NOTNULL="true" UNSIGNED="true" SEQUENCE="false" ENUM="false" COMMENT="Dirección del video" PREVIOUS="id_pregunta"/>
      </FIELDS>
      <KEYS>
        <KEY NAME="primary" TYPE="primary" FIELDS="id" NEXT="clave_ejercicio" />
        <KEY NAME="clave_ejercicio" TYPE="foreign" FIELDS="id_ejercicio" REFTABLE="ejercicios_general" REFFIELDS="id" COMMENT="id del ejercicio" PREVIOUS="primary" NEXT="clave_pregunta"/>
        <KEY NAME="clave_pregunta" TYPE="foreign" FIELDS="id_pregunta" REFTABLE="ejercicios_texto_texto_preg" REFFIELDS="id" COMMENT="id de la pregunta" PREVIOUS="clave_ejercicio"/>
    
      </KEYS>
    </TABLE>
    
    <TABLE NAME="ejercicios_texto_texto_preg" COMMENT="Ejercicios Texto-Texto preguntas" PREVIOUS="ejercicios_videos_asociados" NEXT="ejercicios_texto_texto_resp">
      <FIELDS>
        <FIELD NAME="id" TYPE="int" LENGTH="11" NOTNULL="true" UNSIGNED="true" SEQUENCE="true" ENUM="false" NEXT="id_ejercicio"/>
        <FIELD NAME="id_ejercicio" TYPE="int" LENGTH="11" NOTNULL="true" UNSIGNED="true" SEQUENCE="false" ENUM="false" COMMENT="ejercicio al que se corresponde" PREVIOUS="id" NEXT="pregunta"/>
         <FIELD NAME="pregunta" TYPE="text" NOTNULL="false" UNSIGNED="true" SEQUENCE="false" ENUM="false" COMMENT="pregunta" PREVIOUS="id_ejercicio"/>
        </FIELDS>
      <KEYS>
        <KEY NAME="primary" TYPE="primary" FIELDS="id" NEXT="clave_ejercicio" />
        <KEY NAME="clave_ejercicio" TYPE="foreign" FIELDS="id_ejercicio" REFTABLE="ejercicios_general" REFFIELDS="id" COMMENT="id del ejercicio" PREVIOUS="primary"/>
     </KEYS>
    </TABLE>
     <TABLE NAME="ejercicios_texto_texto_resp" COMMENT="Ejercicios Texto-Texto" PREVIOUS="ejercicios_texto_texto_preg" NEXT="ejercicios_prof_actividad">
      <FIELDS>
        <FIELD NAME="id" TYPE="int" LENGTH="11" NOTNULL="true" UNSIGNED="true" SEQUENCE="true" ENUM="false" NEXT="id_pregunta"/>
        <FIELD NAME="id_pregunta" TYPE="int" LENGTH="11" NOTNULL="true" UNSIGNED="true" SEQUENCE="false" ENUM="false" COMMENT="Identificacion del ejrcicio" PREVIOUS="id" NEXT="respuesta"/>
        <FIELD NAME="respuesta" TYPE="text" NOTNULL="true" UNSIGNED="true" SEQUENCE="false" ENUM="false" COMMENT="respuesta" PREVIOUS="id_pregunta" NEXT="correcta"/>
        <FIELD NAME="correcta" TYPE="int" LENGTH="11" NOTNULL="true" UNSIGNED="true" SEQUENCE="false" ENUM="false" COMMENT="respuesta correcta" PREVIOUS="respuesta"/>
     </FIELDS>
      <KEYS>
        <KEY NAME="primary" TYPE="primary" FIELDS="id" NEXT="clave_pregunta" />
        <KEY NAME="clave_pregunta" TYPE="foreign" FIELDS="id_pregunta" REFTABLE="ejercicios_texto_texto_preg" REFFIELDS="id" COMMENT="id de la pregunta" PREVIOUS="primary"/>
     </KEYS>
    </TABLE>
    <TABLE NAME="ejercicios_prof_actividad" COMMENT="Ejercicios que esta utilizando un profesor" PREVIOUS="ejercicios_texto_texto_resp" NEXT="ejercicios_imagenes_asociadas">
      <FIELDS>
        <FIELD NAME="id" TYPE="int" LENGTH="11" NOTNULL="true" UNSIGNED="true" SEQUENCE="true" ENUM="false" NEXT="id_profesor"/>
        <FIELD NAME="id_profesor" TYPE="int" LENGTH="11" NOTNULL="true" UNSIGNED="true" SEQUENCE="false" ENUM="false" COMMENT="Identificacion del profesor" PREVIOUS="id" NEXT="id_ejercicio"/>
        <FIELD NAME="id_ejercicio" TYPE="int" LENGTH="11" NOTNULL="true" UNSIGNED="true" SEQUENCE="false" ENUM="false" COMMENT="Identificacion del ejercicio" PREVIOUS="id_profesor" NEXT="carpeta"/>
        <FIELD NAME="carpeta" TYPE="char" LENGTH="255" NOTNULL="true" UNSIGNED="true" SEQUENCE="false" ENUM="false" COMMENT="Carpeta donde se encuentra" PREVIOUS="id_ejercicio"/>
      </FIELDS>
      <KEYS>
        <KEY NAME="primary" TYPE="primary" FIELDS="id" NEXT="clave_ejercicio" />
        <KEY NAME="clave_ejercicio" TYPE="foreign" FIELDS="id_ejercicio" REFTABLE="ejercicios_general" REFFIELDS="id" COMMENT="id del ejercicio" PREVIOUS="primary"/>
      </KEYS>
    </TABLE>
      <TABLE NAME="ejercicios_imagenes_asociadas" COMMENT="Imagenes de los ejercicios" PREVIOUS="ejercicios_prof_actividad" NEXT="ejercicios_audios_asociados">
      <FIELDS>
        <FIELD NAME="id" TYPE="int" LENGTH="11" NOTNULL="true" UNSIGNED="true" SEQUENCE="true" ENUM="false" NEXT="id_ejercicio"/>
        <FIELD NAME="id_ejercicio" TYPE="int" LENGTH="11" NOTNULL="true" UNSIGNED="true" SEQUENCE="false" ENUM="false" COMMENT="Id del ejercicio" PREVIOUS="id" NEXT="id_pregunta"/>
        <FIELD NAME="id_pregunta" TYPE="int" LENGTH="11" NOTNULL="true" UNSIGNED="true" SEQUENCE="false" ENUM="false" COMMENT="Identificacion del ejercicio" PREVIOUS="id_ejercicio" NEXT="nombre_imagen"/>
        <FIELD NAME="nombre_imagen" TYPE="char" LENGTH="255" NOTNULL="true" UNSIGNED="true" SEQUENCE="false" ENUM="false" COMMENT="Carpeta donde se encuentra" PREVIOUS="id_pregunta"/>
      </FIELDS>
      <KEYS>
        <KEY NAME="primary" TYPE="primary" FIELDS="id" NEXT="clave_ejercicio" />
        <KEY NAME="clave_ejercicio" TYPE="foreign" FIELDS="id_ejercicio" REFTABLE="ejercicios_general" REFFIELDS="id" COMMENT="id del ejercicio" PREVIOUS="primary"/>
        </KEYS>
    </TABLE>

     <TABLE NAME="ejercicios_audios_asociados" COMMENT="Videos asociados a los ejercicios" PREVIOUS="ejercicios_imagenes_asociadas" NEXT="ejercicios_alum_resp_texto_texto">
      <FIELDS>
        <FIELD NAME="id" TYPE="int" LENGTH="11" NOTNULL="true" UNSIGNED="true" SEQUENCE="true" ENUM="false" NEXT="id_ejercicio"/>
        <FIELD NAME="id_ejercicio" TYPE="int" LENGTH="11" NOTNULL="true" UNSIGNED="true" SEQUENCE="false" ENUM="false" COMMENT="Id del ejercicio" PREVIOUS="id" NEXT="id_pregunta"/>
        <FIELD NAME="id_pregunta" TYPE="int" LENGTH="11" NOTNULL="true" UNSIGNED="true" SEQUENCE="false" ENUM="false" COMMENT="Identificacion del ejercicio" PREVIOUS="id_ejercicio" NEXT="nombre_audio"/>
        <FIELD NAME="nombre_audio" TYPE="char" LENGTH="255" NOTNULL="true" UNSIGNED="true" SEQUENCE="false" ENUM="false" COMMENT="Carpeta donde se encuentra" PREVIOUS="id_pregunta"/>
      </FIELDS>
      <KEYS>
        <KEY NAME="primary" TYPE="primary" FIELDS="id" NEXT="clave_ejercicio" />
        <KEY NAME="clave_ejercicio" TYPE="foreign" FIELDS="id_ejercicio" REFTABLE="ejercicios_general" REFFIELDS="id" COMMENT="id del ejercicio" PREVIOUS="primary"/>
        </KEYS>
    </TABLE>
    
    <TABLE NAME="ejercicios_alum_resp_texto_texto" COMMENT="Respuesta de los alumnos a los ejercicios tipo texto texto" PREVIOUS="ejercicios_audios_asociados" NEXT="ejercicios_ie_respuestas">
      <FIELDS>
        <FIELD NAME="id" TYPE="int" LENGTH="11" NOTNULL="true" UNSIGNED="true" SEQUENCE="true" ENUM="false" NEXT="id_texto"/>
        <FIELD NAME="id_texto" TYPE="int" LENGTH="11" NOTNULL="true" UNSIGNED="true" SEQUENCE="false" ENUM="false" COMMENT="Identificacion del curso" PREVIOUS="id" NEXT="id_alumno"/>
        <FIELD NAME="id_alumno" TYPE="int" LENGTH="11" NOTNULL="true" UNSIGNED="true" SEQUENCE="false" ENUM="false" COMMENT="Identificacion del profesor" PREVIOUS="id_texto" NEXT="respuesta"/>
        <FIELD NAME="respuesta" TYPE="int" LENGTH="11" NOTNULL="true" UNSIGNED="true" SEQUENCE="false" ENUM="false" COMMENT="Clasificación Tipo de Actividad" PREVIOUS="id_alumno"/>
    </FIELDS>
      <KEYS>
        <KEY NAME="primary" TYPE="primary" FIELDS="id" NEXT="clave_texto"/>
        <KEY NAME="clave_texto" TYPE="foreign" FIELDS="id_texto" REFTABLE="ejercicios_texto_texto" REFFIELDS="id" COMMENT="id de la respuesta en texto texto" PREVIOUS="primary"/>
      </KEYS>
    </TABLE>
    <TABLE NAME="ejercicios_ie_respuestas" COMMENT="Respuestas correctas que pone el profesor a los ejercicios de identificar elementos" PREVIOUS="ejercicios_alum_resp_texto_texto">
      <FIELDS>
        <FIELD NAME="id" TYPE="int" LENGTH="11" NOTNULL="true" UNSIGNED="true" SEQUENCE="true" ENUM="false" NEXT="id_ejercicio"/>
        <FIELD NAME="id_ejercicio" TYPE="int" LENGTH="11" NOTNULL="true" UNSIGNED="true" SEQUENCE="false" ENUM="false" COMMENT="Identificacion del ejercicio" PREVIOUS="id" NEXT="id_pregunta"/>
        <FIELD NAME="id_pregunta" TYPE="int" LENGTH="11" NOTNULL="true" UNSIGNED="true" SEQUENCE="false" ENUM="false" COMMENT="Identificacion de la pregunta" PREVIOUS="id_ejercicio" NEXT="respuesta"/>
        <FIELD NAME="respuesta" TYPE="char" LENGTH="255" NOTNULL="true" UNSIGNED="true" SEQUENCE="false" ENUM="false" COMMENT="Texto de la Respuesta" PREVIOUS="id_pregunta"/>
    </FIELDS>
      <KEYS>
        <KEY NAME="primary" TYPE="primary" FIELDS="id" NEXT="clave_ejercicio"/>
        <KEY NAME="clave_ejercicio" TYPE="foreign" FIELDS="id_ejercicio" REFTABLE="ejercicios_general" REFFIELDS="id" COMMENT="id del ejercicio" PREVIOUS="primary" NEXT="clave_pregunta"/>
        <KEY NAME="clave_pregunta" TYPE="foreign" FIELDS="id_pregunta" REFTABLE="ejercicios_texto_texto_preg" REFFIELDS="id" COMMENT="id de la pregunta" PREVIOUS="clave_ejercicio"/>
      </KEYS>
    </TABLE>
  </TABLES>
  <STATEMENTS>
    <STATEMENT NAME="insert log_display" TYPE="insert" TABLE="log_display" COMMENT="Initial insert of records on table log_display. Each record describes how data will be showed by log reports.">
      <SENTENCES>
        <SENTENCE TEXT="(module, action, mtable, field) VALUES ('ejercicios', 'add', 'ejercicios', 'name')" />
        <SENTENCE TEXT="(module, action, mtable, field) VALUES ('ejercicios', 'update', 'ejercicios', 'name')" />
        <SENTENCE TEXT="(module, action, mtable, field) VALUES ('ejercicios', 'view', 'ejercicios', 'name')" />
      </SENTENCES>
    </STATEMENT>
  </STATEMENTS>
</XMLDB>